timestamp,latitude,longitude,speed_kmh,vehicle_id
2026-10-04T18:00:00,32.528790,-116.988190,0,AUTO-DEMO-01
2026-10-04T18:00:20,32.529050,-116.983800,18,AUTO-DEMO-01
2026-10-04T18:00:40,32.529420,-116.979300,32,AUTO-DEMO-01
2026-10-04T18:01:00,32.529850,-116.974900,38,AUTO-DEMO-01
2026-10-04T18:01:20,32.530300,-116.970500,42,AUTO-DEMO-01
2026-10-04T18:01:40,32.530750,-116.966100,45,AUTO-DEMO-01
2026-10-04T18:02:00,32.531200,-116.961700,47,AUTO-DEMO-01
2026-10-04T18:02:20,32.531680,-116.957300,44,AUTO-DEMO-01
2026-10-04T18:02:40,32.532150,-116.952900,40,AUTO-DEMO-01
2026-10-04T18:03:00,32.532650,-116.948600,38,AUTO-DEMO-01
2026-10-04T18:03:20,32.533100,-116.944300,36,AUTO-DEMO-01
2026-10-04T18:03:40,32.533600,-116.940100,33,AUTO-DEMO-01
2026-10-04T18:04:00,32.534050,-116.936000,28,AUTO-DEMO-01
2026-10-04T18:04:20,32.534480,-116.932400,22,AUTO-DEMO-01
2026-10-04T18:04:40,32.534850,-116.929700,12,AUTO-DEMO-01
2026-10-04T18:05:00,32.535290,-116.927680,0,AUTO-DEMO-01
2026-10-04T18:00:00,32.534690,-116.927680,0,CAMION-07
2026-10-04T18:00:20,32.534250,-116.929700,18,CAMION-07
2026-10-04T18:00:40,32.533880,-116.932400,32,CAMION-07
2026-10-04T18:01:00,32.533450,-116.936000,38,CAMION-07
2026-10-04T18:01:20,32.533000,-116.940100,42,CAMION-07
2026-10-04T18:01:40,32.532500,-116.944300,45,CAMION-07
2026-10-04T18:02:00,32.532050,-116.948600,47,CAMION-07
2026-10-04T18:02:20,32.531550,-116.952900,44,CAMION-07
2026-10-04T18:02:40,32.531080,-116.957300,40,CAMION-07
2026-10-04T18:03:00,32.530600,-116.961700,38,CAMION-07
2026-10-04T18:03:20,32.530150,-116.966100,36,CAMION-07
2026-10-04T18:03:40,32.529700,-116.970500,33,CAMION-07
2026-10-04T18:04:00,32.529250,-116.974900,28,CAMION-07
2026-10-04T18:04:20,32.528820,-116.979300,22,CAMION-07
2026-10-04T18:04:40,32.528450,-116.983800,12,CAMION-07
2026-10-04T18:05:00,32.528190,-116.988190,0,CAMION-07
