timestamp;latitude;longitude;speed_kmh;vehicle_id
2026-10-04 18:00:40;32,529420;-116,979300;32;AUTO-DEMO-02
2026-10-04 18:00:00;32,528790;-116,988190;0;AUTO-DEMO-02
2026-10-04 18:00:20;32,529050;-116,983800;18;AUTO-DEMO-02
2026-10-04 18:00:20;32,529050;-116,983800;18;AUTO-DEMO-02
2026-10-04 18:01:00;;-116,974900;38;AUTO-DEMO-02
2026-10-04 18:01:20;132,530300;-116,970500;42;AUTO-DEMO-02
2026-10-04 18:01:40;32,530750;-216,966100;45;AUTO-DEMO-02
ayer a las seis;32,531200;-116,961700;47;AUTO-DEMO-02
2026-10-04 18:02:20;0;0;0;AUTO-DEMO-02
2026-10-04 18:02:40;32,532150;-116,952900;-5;AUTO-DEMO-02
2026-10-04 18:03:00;32,532650;-116,948600;38;AUTO-DEMO-02
